<application>
  <component name="FileTypeManager" version="18">
    <extensionMap>
      <mapping pattern=".env*" type="Ini" />
      <mapping ext="cnf" type="Ini" />
      <mapping ext="space.kts" type="Kotlin" />
      <mapping ext="gradle.kts" type="Kotlin" />
      <mapping ext="main.kts" type="Kotlin" />
      <mapping pattern=".gitkeep" type="PLAIN_TEXT" />
      <mapping pattern="gemfile.lock" type="PLAIN_TEXT" />
      <removed_mapping ext="apk" approved="true" type="ARCHIVE" />
      <removed_mapping ext="cnf" approved="true" type="PLAIN_TEXT" />
      <removed_mapping ext="ignore" approved="true" type="IgnoreLang file" />
      <removed_mapping ext="psd" approved="true" type="Image" />
      <removed_mapping pattern=".env-galera" approved="true" type="PLAIN_TEXT" />
      <removed_mapping pattern=".env-galera-node" approved="true" type="PLAIN_TEXT" />
      <removed_mapping pattern=".env-keepalived" approved="true" type="PLAIN_TEXT" />
      <removed_mapping pattern=".env-master" approved="true" type="PLAIN_TEXT" />
    </extensionMap>
  </component>
</application>